,precision,recall,f1-score,support
SUV,1.0,0.5,0.6666666666666666,2.0
convertible,0.0,0.0,0.0,1.0
coupe,0.0,0.0,0.0,1.0
hatchback,0.0,0.0,0.0,2.0
pickup,0.0,0.0,0.0,1.0
sedan,0.0,0.0,0.0,2.0
van,0.0,0.0,0.0,3.0
accuracy,0.08333333333333333,0.08333333333333333,0.08333333333333333,0.08333333333333333
macro avg,0.14285714285714285,0.07142857142857142,0.09523809523809523,12.0
weighted avg,0.16666666666666666,0.08333333333333333,0.1111111111111111,12.0
